id,type,app,module,message,DES.src,DES.dst,TOPO.src,TOPO.dst,module.src,service,time_in,time_out,time_emit,time_reception
1,COMP_M,SimpleCase,ServiceA,M.A,0,2,1,0,Camera,0.004,110.001,110.00500000000001,100.0,110.001
1,SINK_M,SimpleCase,Dashboard,M.B,2,1,0,2,ServiceA,0,111.00550000000001,111.00550000000001,110.00500000000001,111.00550000000001
2,COMP_M,SimpleCase,ServiceA,M.A,0,2,1,0,Camera,0.004,210.001,210.005,200.0,210.001
2,SINK_M,SimpleCase,Dashboard,M.B,2,1,0,2,ServiceA,0,211.00549999999998,211.00549999999998,210.005,211.00549999999998
3,COMP_M,SimpleCase,ServiceA,M.A,0,2,1,0,Camera,0.004,310.001,310.005,300.0,310.001
3,SINK_M,SimpleCase,Dashboard,M.B,2,1,0,2,ServiceA,0,311.0055,311.0055,310.005,311.0055
4,COMP_M,SimpleCase,ServiceA,M.A,0,2,1,0,Camera,0.004,410.001,410.005,400.0,410.001
4,SINK_M,SimpleCase,Dashboard,M.B,2,1,0,2,ServiceA,0,411.0055,411.0055,410.005,411.0055
5,COMP_M,SimpleCase,ServiceA,M.A,0,2,1,0,Camera,0.004,510.001,510.005,500.0,510.001
5,SINK_M,SimpleCase,Dashboard,M.B,2,1,0,2,ServiceA,0,511.0055,511.0055,510.005,511.0055
6,COMP_M,SimpleCase,ServiceA,M.A,0,2,1,0,Camera,0.004,610.001,610.005,600.0,610.001
6,SINK_M,SimpleCase,Dashboard,M.B,2,1,0,2,ServiceA,0,611.0055,611.0055,610.005,611.0055
7,COMP_M,SimpleCase,ServiceA,M.A,0,2,1,0,Camera,0.004,710.001,710.005,700.0,710.001
7,SINK_M,SimpleCase,Dashboard,M.B,2,1,0,2,ServiceA,0,711.0055,711.0055,710.005,711.0055
8,COMP_M,SimpleCase,ServiceA,M.A,0,2,1,0,Camera,0.004,810.001,810.005,800.0,810.001
8,SINK_M,SimpleCase,Dashboard,M.B,2,1,0,2,ServiceA,0,811.0055,811.0055,810.005,811.0055
9,COMP_M,SimpleCase,ServiceA,M.A,0,2,1,0,Camera,0.004,910.001,910.005,900.0,910.001
9,SINK_M,SimpleCase,Dashboard,M.B,2,1,0,2,ServiceA,0,911.0055,911.0055,910.005,911.0055
10,COMP_M,SimpleCase,ServiceA,M.A,0,2,1,0,Camera,0.004,1010.001,1010.005,1000.0,1010.001
10,SINK_M,SimpleCase,Dashboard,M.B,2,1,0,2,ServiceA,0,1011.0055,1011.0055,1010.005,1011.0055
11,COMP_M,SimpleCase,ServiceA,M.A,0,2,1,0,Camera,0.004,1110.001,1110.0049999999999,1100.0,1110.001
11,SINK_M,SimpleCase,Dashboard,M.B,2,1,0,2,ServiceA,0,1111.0055,1111.0055,1110.0049999999999,1111.0055
12,COMP_M,SimpleCase,ServiceA,M.A,0,2,1,0,Camera,0.004,1210.001,1210.0049999999999,1200.0,1210.001
12,SINK_M,SimpleCase,Dashboard,M.B,2,1,0,2,ServiceA,0,1211.0055,1211.0055,1210.0049999999999,1211.0055
13,COMP_M,SimpleCase,ServiceA,M.A,0,2,1,0,Camera,0.004,1310.001,1310.0049999999999,1300.0,1310.001
13,SINK_M,SimpleCase,Dashboard,M.B,2,1,0,2,ServiceA,0,1311.0055,1311.0055,1310.0049999999999,1311.0055
14,COMP_M,SimpleCase,ServiceA,M.A,0,2,1,0,Camera,0.004,1410.001,1410.0049999999999,1400.0,1410.001
14,SINK_M,SimpleCase,Dashboard,M.B,2,1,0,2,ServiceA,0,1411.0055,1411.0055,1410.0049999999999,1411.0055
15,COMP_M,SimpleCase,ServiceA,M.A,0,2,1,0,Camera,0.004,1510.001,1510.0049999999999,1500.0,1510.001
15,SINK_M,SimpleCase,Dashboard,M.B,2,1,0,2,ServiceA,0,1511.0055,1511.0055,1510.0049999999999,1511.0055
16,COMP_M,SimpleCase,ServiceA,M.A,0,2,1,0,Camera,0.004,1610.001,1610.0049999999999,1600.0,1610.001
16,SINK_M,SimpleCase,Dashboard,M.B,2,1,0,2,ServiceA,0,1611.0055,1611.0055,1610.0049999999999,1611.0055
17,COMP_M,SimpleCase,ServiceA,M.A,0,2,1,0,Camera,0.004,1710.001,1710.0049999999999,1700.0,1710.001
17,SINK_M,SimpleCase,Dashboard,M.B,2,1,0,2,ServiceA,0,1711.0055,1711.0055,1710.0049999999999,1711.0055
18,COMP_M,SimpleCase,ServiceA,M.A,0,2,1,0,Camera,0.004,1810.001,1810.0049999999999,1800.0,1810.001
18,SINK_M,SimpleCase,Dashboard,M.B,2,1,0,2,ServiceA,0,1811.0055,1811.0055,1810.0049999999999,1811.0055
19,COMP_M,SimpleCase,ServiceA,M.A,0,2,1,0,Camera,0.004,1910.001,1910.0049999999999,1900.0,1910.001
19,SINK_M,SimpleCase,Dashboard,M.B,2,1,0,2,ServiceA,0,1911.0055,1911.0055,1910.0049999999999,1911.0055
20,COMP_M,SimpleCase,ServiceA,M.A,0,2,1,0,Camera,0.004,2010.001,2010.0049999999999,2000.0,2010.001
20,SINK_M,SimpleCase,Dashboard,M.B,2,1,0,2,ServiceA,0,2011.0055,2011.0055,2010.0049999999999,2011.0055
21,COMP_M,SimpleCase,ServiceA,M.A,0,2,1,0,Camera,0.004,2110.001,2110.005,2100.0,2110.001
21,SINK_M,SimpleCase,Dashboard,M.B,2,1,0,2,ServiceA,0,2111.0055,2111.0055,2110.005,2111.0055
22,COMP_M,SimpleCase,ServiceA,M.A,0,2,1,0,Camera,0.004,2210.001,2210.005,2200.0,2210.001
22,SINK_M,SimpleCase,Dashboard,M.B,2,1,0,2,ServiceA,0,2211.0055,2211.0055,2210.005,2211.0055
23,COMP_M,SimpleCase,ServiceA,M.A,0,2,1,0,Camera,0.004,2310.001,2310.005,2300.0,2310.001
23,SINK_M,SimpleCase,Dashboard,M.B,2,1,0,2,ServiceA,0,2311.0055,2311.0055,2310.005,2311.0055
24,COMP_M,SimpleCase,ServiceA,M.A,0,2,1,0,Camera,0.004,2410.001,2410.005,2400.0,2410.001
24,SINK_M,SimpleCase,Dashboard,M.B,2,1,0,2,ServiceA,0,2411.0055,2411.0055,2410.005,2411.0055
25,COMP_M,SimpleCase,ServiceA,M.A,0,2,1,0,Camera,0.004,2510.001,2510.005,2500.0,2510.001
25,SINK_M,SimpleCase,Dashboard,M.B,2,1,0,2,ServiceA,0,2511.0055,2511.0055,2510.005,2511.0055
26,COMP_M,SimpleCase,ServiceA,M.A,0,2,1,0,Camera,0.004,2610.001,2610.005,2600.0,2610.001
26,SINK_M,SimpleCase,Dashboard,M.B,2,1,0,2,ServiceA,0,2611.0055,2611.0055,2610.005,2611.0055
27,COMP_M,SimpleCase,ServiceA,M.A,0,2,1,0,Camera,0.004,2710.001,2710.005,2700.0,2710.001
27,SINK_M,SimpleCase,Dashboard,M.B,2,1,0,2,ServiceA,0,2711.0055,2711.0055,2710.005,2711.0055
28,COMP_M,SimpleCase,ServiceA,M.A,0,2,1,0,Camera,0.004,2810.001,2810.005,2800.0,2810.001
28,SINK_M,SimpleCase,Dashboard,M.B,2,1,0,2,ServiceA,0,2811.0055,2811.0055,2810.005,2811.0055
29,COMP_M,SimpleCase,ServiceA,M.A,0,2,1,0,Camera,0.004,2910.001,2910.005,2900.0,2910.001
29,SINK_M,SimpleCase,Dashboard,M.B,2,1,0,2,ServiceA,0,2911.0055,2911.0055,2910.005,2911.0055
30,COMP_M,SimpleCase,ServiceA,M.A,0,2,1,0,Camera,0.004,3010.001,3010.005,3000.0,3010.001
30,SINK_M,SimpleCase,Dashboard,M.B,2,1,0,2,ServiceA,0,3011.0055,3011.0055,3010.005,3011.0055
31,COMP_M,SimpleCase,ServiceA,M.A,0,2,1,0,Camera,0.004,3110.001,3110.005,3100.0,3110.001
31,SINK_M,SimpleCase,Dashboard,M.B,2,1,0,2,ServiceA,0,3111.0055,3111.0055,3110.005,3111.0055
32,COMP_M,SimpleCase,ServiceA,M.A,0,2,1,0,Camera,0.004,3210.001,3210.005,3200.0,3210.001
32,SINK_M,SimpleCase,Dashboard,M.B,2,1,0,2,ServiceA,0,3211.0055,3211.0055,3210.005,3211.0055
33,COMP_M,SimpleCase,ServiceA,M.A,0,2,1,0,Camera,0.004,3310.001,3310.005,3300.0,3310.001
33,SINK_M,SimpleCase,Dashboard,M.B,2,1,0,2,ServiceA,0,3311.0055,3311.0055,3310.005,3311.0055
34,COMP_M,SimpleCase,ServiceA,M.A,0,2,1,0,Camera,0.004,3410.001,3410.005,3400.0,3410.001
34,SINK_M,SimpleCase,Dashboard,M.B,2,1,0,2,ServiceA,0,3411.0055,3411.0055,3410.005,3411.0055
35,COMP_M,SimpleCase,ServiceA,M.A,0,2,1,0,Camera,0.004,3510.001,3510.005,3500.0,3510.001
35,SINK_M,SimpleCase,Dashboard,M.B,2,1,0,2,ServiceA,0,3511.0055,3511.0055,3510.005,3511.0055
36,COMP_M,SimpleCase,ServiceA,M.A,0,2,1,0,Camera,0.004,3610.001,3610.005,3600.0,3610.001
36,SINK_M,SimpleCase,Dashboard,M.B,2,1,0,2,ServiceA,0,3611.0055,3611.0055,3610.005,3611.0055
37,COMP_M,SimpleCase,ServiceA,M.A,0,2,1,0,Camera,0.004,3710.001,3710.005,3700.0,3710.001
37,SINK_M,SimpleCase,Dashboard,M.B,2,1,0,2,ServiceA,0,3711.0055,3711.0055,3710.005,3711.0055
38,COMP_M,SimpleCase,ServiceA,M.A,0,2,1,0,Camera,0.004,3810.001,3810.005,3800.0,3810.001
38,SINK_M,SimpleCase,Dashboard,M.B,2,1,0,2,ServiceA,0,3811.0055,3811.0055,3810.005,3811.0055
39,COMP_M,SimpleCase,ServiceA,M.A,0,2,1,0,Camera,0.004,3910.001,3910.005,3900.0,3910.001
39,SINK_M,SimpleCase,Dashboard,M.B,2,1,0,2,ServiceA,0,3911.0055,3911.0055,3910.005,3911.0055
40,COMP_M,SimpleCase,ServiceA,M.A,0,2,1,0,Camera,0.004,4010.001,4010.005,4000.0,4010.001
40,SINK_M,SimpleCase,Dashboard,M.B,2,1,0,2,ServiceA,0,4011.0055,4011.0055,4010.005,4011.0055
41,COMP_M,SimpleCase,ServiceA,M.A,0,2,1,0,Camera,0.004,4110.001,4110.005,4100.0,4110.001
41,SINK_M,SimpleCase,Dashboard,M.B,2,1,0,2,ServiceA,0,4111.0055,4111.0055,4110.005,4111.0055
42,COMP_M,SimpleCase,ServiceA,M.A,0,2,1,0,Camera,0.004,4210.001,4210.005,4200.0,4210.001
42,SINK_M,SimpleCase,Dashboard,M.B,2,1,0,2,ServiceA,0,4211.0055,4211.0055,4210.005,4211.0055
43,COMP_M,SimpleCase,ServiceA,M.A,0,2,1,0,Camera,0.004,4310.001,4310.005,4300.0,4310.001
43,SINK_M,SimpleCase,Dashboard,M.B,2,1,0,2,ServiceA,0,4311.0055,4311.0055,4310.005,4311.0055
44,COMP_M,SimpleCase,ServiceA,M.A,0,2,1,0,Camera,0.004,4410.001,4410.005,4400.0,4410.001
44,SINK_M,SimpleCase,Dashboard,M.B,2,1,0,2,ServiceA,0,4411.0055,4411.0055,4410.005,4411.0055
45,COMP_M,SimpleCase,ServiceA,M.A,0,2,1,0,Camera,0.004,4510.001,4510.005,4500.0,4510.001
45,SINK_M,SimpleCase,Dashboard,M.B,2,1,0,2,ServiceA,0,4511.0055,4511.0055,4510.005,4511.0055
46,COMP_M,SimpleCase,ServiceA,M.A,0,2,1,0,Camera,0.004,4610.001,4610.005,4600.0,4610.001
46,SINK_M,SimpleCase,Dashboard,M.B,2,1,0,2,ServiceA,0,4611.0055,4611.0055,4610.005,4611.0055
47,COMP_M,SimpleCase,ServiceA,M.A,0,2,1,0,Camera,0.004,4710.001,4710.005,4700.0,4710.001
47,SINK_M,SimpleCase,Dashboard,M.B,2,1,0,2,ServiceA,0,4711.0055,4711.0055,4710.005,4711.0055
48,COMP_M,SimpleCase,ServiceA,M.A,0,2,1,0,Camera,0.004,4810.001,4810.005,4800.0,4810.001
48,SINK_M,SimpleCase,Dashboard,M.B,2,1,0,2,ServiceA,0,4811.0055,4811.0055,4810.005,4811.0055
49,COMP_M,SimpleCase,ServiceA,M.A,0,2,1,0,Camera,0.004,4910.001,4910.005,4900.0,4910.001
49,SINK_M,SimpleCase,Dashboard,M.B,2,1,0,2,ServiceA,0,4911.0055,4911.0055,4910.005,4911.0055
50,COMP_M,SimpleCase,ServiceA,M.A,0,2,1,0,Camera,0.004,5010.001,5010.005,5000.0,5010.001
50,SINK_M,SimpleCase,Dashboard,M.B,2,1,0,2,ServiceA,0,5011.0055,5011.0055,5010.005,5011.0055
51,COMP_M,SimpleCase,ServiceA,M.A,0,2,1,0,Camera,0.004,5110.001,5110.005,5100.0,5110.001
51,SINK_M,SimpleCase,Dashboard,M.B,2,1,0,2,ServiceA,0,5111.0055,5111.0055,5110.005,5111.0055
52,COMP_M,SimpleCase,ServiceA,M.A,0,2,1,0,Camera,0.004,5210.001,5210.005,5200.0,5210.001
52,SINK_M,SimpleCase,Dashboard,M.B,2,1,0,2,ServiceA,0,5211.0055,5211.0055,5210.005,5211.0055
53,COMP_M,SimpleCase,ServiceA,M.A,0,2,1,0,Camera,0.004,5310.001,5310.005,5300.0,5310.001
53,SINK_M,SimpleCase,Dashboard,M.B,2,1,0,2,ServiceA,0,5311.0055,5311.0055,5310.005,5311.0055
54,COMP_M,SimpleCase,ServiceA,M.A,0,2,1,0,Camera,0.004,5410.001,5410.005,5400.0,5410.001
54,SINK_M,SimpleCase,Dashboard,M.B,2,1,0,2,ServiceA,0,5411.0055,5411.0055,5410.005,5411.0055
55,COMP_M,SimpleCase,ServiceA,M.A,0,2,1,0,Camera,0.004,5510.001,5510.005,5500.0,5510.001
55,SINK_M,SimpleCase,Dashboard,M.B,2,1,0,2,ServiceA,0,5511.0055,5511.0055,5510.005,5511.0055
56,COMP_M,SimpleCase,ServiceA,M.A,0,2,1,0,Camera,0.004,5610.001,5610.005,5600.0,5610.001
56,SINK_M,SimpleCase,Dashboard,M.B,2,1,0,2,ServiceA,0,5611.0055,5611.0055,5610.005,5611.0055
57,COMP_M,SimpleCase,ServiceA,M.A,0,2,1,0,Camera,0.004,5710.001,5710.005,5700.0,5710.001
57,SINK_M,SimpleCase,Dashboard,M.B,2,1,0,2,ServiceA,0,5711.0055,5711.0055,5710.005,5711.0055
58,COMP_M,SimpleCase,ServiceA,M.A,0,2,1,0,Camera,0.004,5810.001,5810.005,5800.0,5810.001
58,SINK_M,SimpleCase,Dashboard,M.B,2,1,0,2,ServiceA,0,5811.0055,5811.0055,5810.005,5811.0055
59,COMP_M,SimpleCase,ServiceA,M.A,0,2,1,0,Camera,0.004,5910.001,5910.005,5900.0,5910.001
59,SINK_M,SimpleCase,Dashboard,M.B,2,1,0,2,ServiceA,0,5911.0055,5911.0055,5910.005,5911.0055
60,COMP_M,SimpleCase,ServiceA,M.A,0,2,1,0,Camera,0.004,6010.001,6010.005,6000.0,6010.001
60,SINK_M,SimpleCase,Dashboard,M.B,2,1,0,2,ServiceA,0,6011.0055,6011.0055,6010.005,6011.0055
61,COMP_M,SimpleCase,ServiceA,M.A,0,2,1,0,Camera,0.004,6110.001,6110.005,6100.0,6110.001
61,SINK_M,SimpleCase,Dashboard,M.B,2,1,0,2,ServiceA,0,6111.0055,6111.0055,6110.005,6111.0055
62,COMP_M,SimpleCase,ServiceA,M.A,0,2,1,0,Camera,0.004,6210.001,6210.005,6200.0,6210.001
62,SINK_M,SimpleCase,Dashboard,M.B,2,1,0,2,ServiceA,0,6211.0055,6211.0055,6210.005,6211.0055
63,COMP_M,SimpleCase,ServiceA,M.A,0,2,1,0,Camera,0.004,6310.001,6310.005,6300.0,6310.001
63,SINK_M,SimpleCase,Dashboard,M.B,2,1,0,2,ServiceA,0,6311.0055,6311.0055,6310.005,6311.0055
64,COMP_M,SimpleCase,ServiceA,M.A,0,2,1,0,Camera,0.004,6410.001,6410.005,6400.0,6410.001
64,SINK_M,SimpleCase,Dashboard,M.B,2,1,0,2,ServiceA,0,6411.0055,6411.0055,6410.005,6411.0055
65,COMP_M,SimpleCase,ServiceA,M.A,0,2,1,0,Camera,0.004,6510.001,6510.005,6500.0,6510.001
65,SINK_M,SimpleCase,Dashboard,M.B,2,1,0,2,ServiceA,0,6511.0055,6511.0055,6510.005,6511.0055
66,COMP_M,SimpleCase,ServiceA,M.A,0,2,1,0,Camera,0.004,6610.001,6610.005,6600.0,6610.001
66,SINK_M,SimpleCase,Dashboard,M.B,2,1,0,2,ServiceA,0,6611.0055,6611.0055,6610.005,6611.0055
67,COMP_M,SimpleCase,ServiceA,M.A,0,2,1,0,Camera,0.004,6710.001,6710.005,6700.0,6710.001
67,SINK_M,SimpleCase,Dashboard,M.B,2,1,0,2,ServiceA,0,6711.0055,6711.0055,6710.005,6711.0055
68,COMP_M,SimpleCase,ServiceA,M.A,0,2,1,0,Camera,0.004,6810.001,6810.005,6800.0,6810.001
68,SINK_M,SimpleCase,Dashboard,M.B,2,1,0,2,ServiceA,0,6811.0055,6811.0055,6810.005,6811.0055
69,COMP_M,SimpleCase,ServiceA,M.A,0,2,1,0,Camera,0.004,6910.001,6910.005,6900.0,6910.001
69,SINK_M,SimpleCase,Dashboard,M.B,2,1,0,2,ServiceA,0,6911.0055,6911.0055,6910.005,6911.0055
70,COMP_M,SimpleCase,ServiceA,M.A,0,2,1,0,Camera,0.004,7010.001,7010.005,7000.0,7010.001
70,SINK_M,SimpleCase,Dashboard,M.B,2,1,0,2,ServiceA,0,7011.0055,7011.0055,7010.005,7011.0055
71,COMP_M,SimpleCase,ServiceA,M.A,0,2,1,0,Camera,0.004,7110.001,7110.005,7100.0,7110.001
71,SINK_M,SimpleCase,Dashboard,M.B,2,1,0,2,ServiceA,0,7111.0055,7111.0055,7110.005,7111.0055
72,COMP_M,SimpleCase,ServiceA,M.A,0,2,1,0,Camera,0.004,7210.001,7210.005,7200.0,7210.001
72,SINK_M,SimpleCase,Dashboard,M.B,2,1,0,2,ServiceA,0,7211.0055,7211.0055,7210.005,7211.0055
73,COMP_M,SimpleCase,ServiceA,M.A,0,2,1,0,Camera,0.004,7310.001,7310.005,7300.0,7310.001
73,SINK_M,SimpleCase,Dashboard,M.B,2,1,0,2,ServiceA,0,7311.0055,7311.0055,7310.005,7311.0055
74,COMP_M,SimpleCase,ServiceA,M.A,0,2,1,0,Camera,0.004,7410.001,7410.005,7400.0,7410.001
74,SINK_M,SimpleCase,Dashboard,M.B,2,1,0,2,ServiceA,0,7411.0055,7411.0055,7410.005,7411.0055
75,COMP_M,SimpleCase,ServiceA,M.A,0,2,1,0,Camera,0.004,7510.001,7510.005,7500.0,7510.001
75,SINK_M,SimpleCase,Dashboard,M.B,2,1,0,2,ServiceA,0,7511.0055,7511.0055,7510.005,7511.0055
76,COMP_M,SimpleCase,ServiceA,M.A,0,2,1,0,Camera,0.004,7610.001,7610.005,7600.0,7610.001
76,SINK_M,SimpleCase,Dashboard,M.B,2,1,0,2,ServiceA,0,7611.0055,7611.0055,7610.005,7611.0055
77,COMP_M,SimpleCase,ServiceA,M.A,0,2,1,0,Camera,0.004,7710.001,7710.005,7700.0,7710.001
77,SINK_M,SimpleCase,Dashboard,M.B,2,1,0,2,ServiceA,0,7711.0055,7711.0055,7710.005,7711.0055
78,COMP_M,SimpleCase,ServiceA,M.A,0,2,1,0,Camera,0.004,7810.001,7810.005,7800.0,7810.001
78,SINK_M,SimpleCase,Dashboard,M.B,2,1,0,2,ServiceA,0,7811.0055,7811.0055,7810.005,7811.0055
79,COMP_M,SimpleCase,ServiceA,M.A,0,2,1,0,Camera,0.004,7910.001,7910.005,7900.0,7910.001
79,SINK_M,SimpleCase,Dashboard,M.B,2,1,0,2,ServiceA,0,7911.0055,7911.0055,7910.005,7911.0055
80,COMP_M,SimpleCase,ServiceA,M.A,0,2,1,0,Camera,0.004,8010.001,8010.005,8000.0,8010.001
80,SINK_M,SimpleCase,Dashboard,M.B,2,1,0,2,ServiceA,0,8011.0055,8011.0055,8010.005,8011.0055
81,COMP_M,SimpleCase,ServiceA,M.A,0,2,1,0,Camera,0.004,8110.001,8110.005,8100.0,8110.001
81,SINK_M,SimpleCase,Dashboard,M.B,2,1,0,2,ServiceA,0,8111.0055,8111.0055,8110.005,8111.0055
82,COMP_M,SimpleCase,ServiceA,M.A,0,2,1,0,Camera,0.004,8210.001,8210.005000000001,8200.0,8210.001
82,SINK_M,SimpleCase,Dashboard,M.B,2,1,0,2,ServiceA,0,8211.005500000001,8211.005500000001,8210.005000000001,8211.005500000001
83,COMP_M,SimpleCase,ServiceA,M.A,0,2,1,0,Camera,0.004,8310.001,8310.005000000001,8300.0,8310.001
83,SINK_M,SimpleCase,Dashboard,M.B,2,1,0,2,ServiceA,0,8311.005500000001,8311.005500000001,8310.005000000001,8311.005500000001
84,COMP_M,SimpleCase,ServiceA,M.A,0,2,1,0,Camera,0.004,8410.001,8410.005000000001,8400.0,8410.001
84,SINK_M,SimpleCase,Dashboard,M.B,2,1,0,2,ServiceA,0,8411.005500000001,8411.005500000001,8410.005000000001,8411.005500000001
85,COMP_M,SimpleCase,ServiceA,M.A,0,2,1,0,Camera,0.004,8510.001,8510.005000000001,8500.0,8510.001
85,SINK_M,SimpleCase,Dashboard,M.B,2,1,0,2,ServiceA,0,8511.005500000001,8511.005500000001,8510.005000000001,8511.005500000001
86,COMP_M,SimpleCase,ServiceA,M.A,0,2,1,0,Camera,0.004,8610.001,8610.005000000001,8600.0,8610.001
86,SINK_M,SimpleCase,Dashboard,M.B,2,1,0,2,ServiceA,0,8611.005500000001,8611.005500000001,8610.005000000001,8611.005500000001
87,COMP_M,SimpleCase,ServiceA,M.A,0,2,1,0,Camera,0.004,8710.001,8710.005000000001,8700.0,8710.001
87,SINK_M,SimpleCase,Dashboard,M.B,2,1,0,2,ServiceA,0,8711.005500000001,8711.005500000001,8710.005000000001,8711.005500000001
88,COMP_M,SimpleCase,ServiceA,M.A,0,2,1,0,Camera,0.004,8810.001,8810.005000000001,8800.0,8810.001
88,SINK_M,SimpleCase,Dashboard,M.B,2,1,0,2,ServiceA,0,8811.005500000001,8811.005500000001,8810.005000000001,8811.005500000001
89,COMP_M,SimpleCase,ServiceA,M.A,0,2,1,0,Camera,0.004,8910.001,8910.005000000001,8900.0,8910.001
89,SINK_M,SimpleCase,Dashboard,M.B,2,1,0,2,ServiceA,0,8911.005500000001,8911.005500000001,8910.005000000001,8911.005500000001
90,COMP_M,SimpleCase,ServiceA,M.A,0,2,1,0,Camera,0.004,9010.001,9010.005000000001,9000.0,9010.001
90,SINK_M,SimpleCase,Dashboard,M.B,2,1,0,2,ServiceA,0,9011.005500000001,9011.005500000001,9010.005000000001,9011.005500000001
91,COMP_M,SimpleCase,ServiceA,M.A,0,2,1,0,Camera,0.004,9110.001,9110.005000000001,9100.0,9110.001
91,SINK_M,SimpleCase,Dashboard,M.B,2,1,0,2,ServiceA,0,9111.005500000001,9111.005500000001,9110.005000000001,9111.005500000001
92,COMP_M,SimpleCase,ServiceA,M.A,0,2,1,0,Camera,0.004,9210.001,9210.005000000001,9200.0,9210.001
92,SINK_M,SimpleCase,Dashboard,M.B,2,1,0,2,ServiceA,0,9211.005500000001,9211.005500000001,9210.005000000001,9211.005500000001
93,COMP_M,SimpleCase,ServiceA,M.A,0,2,1,0,Camera,0.004,9310.001,9310.005000000001,9300.0,9310.001
93,SINK_M,SimpleCase,Dashboard,M.B,2,1,0,2,ServiceA,0,9311.005500000001,9311.005500000001,9310.005000000001,9311.005500000001
94,COMP_M,SimpleCase,ServiceA,M.A,0,2,1,0,Camera,0.004,9410.001,9410.005000000001,9400.0,9410.001
94,SINK_M,SimpleCase,Dashboard,M.B,2,1,0,2,ServiceA,0,9411.005500000001,9411.005500000001,9410.005000000001,9411.005500000001
95,COMP_M,SimpleCase,ServiceA,M.A,0,2,1,0,Camera,0.004,9510.001,9510.005000000001,9500.0,9510.001
95,SINK_M,SimpleCase,Dashboard,M.B,2,1,0,2,ServiceA,0,9511.005500000001,9511.005500000001,9510.005000000001,9511.005500000001
96,COMP_M,SimpleCase,ServiceA,M.A,0,2,1,0,Camera,0.004,9610.001,9610.005000000001,9600.0,9610.001
96,SINK_M,SimpleCase,Dashboard,M.B,2,1,0,2,ServiceA,0,9611.005500000001,9611.005500000001,9610.005000000001,9611.005500000001
97,COMP_M,SimpleCase,ServiceA,M.A,0,2,1,0,Camera,0.004,9710.001,9710.005000000001,9700.0,9710.001
97,SINK_M,SimpleCase,Dashboard,M.B,2,1,0,2,ServiceA,0,9711.005500000001,9711.005500000001,9710.005000000001,9711.005500000001
98,COMP_M,SimpleCase,ServiceA,M.A,0,2,1,0,Camera,0.004,9810.001,9810.005000000001,9800.0,9810.001
98,SINK_M,SimpleCase,Dashboard,M.B,2,1,0,2,ServiceA,0,9811.005500000001,9811.005500000001,9810.005000000001,9811.005500000001
99,COMP_M,SimpleCase,ServiceA,M.A,0,2,1,0,Camera,0.004,9910.001,9910.005000000001,9900.0,9910.001
99,SINK_M,SimpleCase,Dashboard,M.B,2,1,0,2,ServiceA,0,9911.005500000001,9911.005500000001,9910.005000000001,9911.005500000001
