id,type,src,dst,app,latency,message,ctime,size,buffer
1,LINK,68,2,app1,1.00001,M.Action,100,10,0
2,LINK,291,73,app1,1.00001,M.Action,100,10,1
3,LINK,391,317,app1,1.00001,M.Action,100,10,2
4,LINK,32,42,app1,1.00001,M.Action,100,10,3
5,LINK,130,114,app1,1.00001,M.Action,100,10,4
6,LINK,60,218,app1,1.00001,M.Action,100,10,5
7,LINK,253,78,app1,1.00001,M.Action,100,10,6
8,LINK,389,56,app1,1.00001,M.Action,100,10,7
9,LINK,230,176,app1,1.00001,M.Action,100,10,8
10,LINK,241,91,app1,1.00001,M.Action,100,10,9
11,LINK,333,68,app1,1.00001,M.Action,100,10,10
12,LINK,194,2,app1,1.00001,M.Action,100,10,11
13,LINK,107,138,app1,1.00001,M.Action,100,10,12
14,LINK,48,143,app1,1.00001,M.Action,100,10,13
15,LINK,249,4,app1,1.00001,M.Action,100,10,14
16,LINK,14,28,app1,1.00001,M.Action,100,10,15
17,LINK,199,301,app1,1.00001,M.Action,100,10,16
18,LINK,221,19,app1,1.00001,M.Action,100,10,17
19,LINK,311,49,app1,1.00001,M.Action,100,10,18
20,LINK,390,157,app1,1.00001,M.Action,100,10,19
21,LINK,392,178,app1,1.00001,M.Action,100,10,20
22,LINK,1,8,app1,1.00001,M.Action,100,10,21
23,LINK,356,23,app1,1.00001,M.Action,100,10,22
24,LINK,228,72,app1,1.00001,M.Action,100,10,23
25,LINK,136,104,app1,1.00001,M.Action,100,10,24
26,LINK,369,41,app1,1.00001,M.Action,100,10,25
27,LINK,117,59,app1,1.00001,M.Action,100,10,26
28,LINK,302,56,app1,1.00001,M.Action,100,10,27
29,LINK,52,57,app1,1.00001,M.Action,100,10,28
30,LINK,162,259,app1,1.00001,M.Action,100,10,29
31,LINK,15,28,app1,1.00001,M.Action,100,10,30
32,LINK,11,3,app1,1.00001,M.Action,100,10,31
33,LINK,13,69,app1,1.00001,M.Action,100,10,32
34,LINK,332,19,app1,1.00001,M.Action,100,10,33
35,LINK,277,206,app1,1.00001,M.Action,100,10,34
36,LINK,4,85,app1,1.00001,M.Action,100,10,35
37,LINK,195,296,app1,1.00001,M.Action,100,10,36
38,LINK,351,105,app1,1.00001,M.Action,100,10,37
39,LINK,110,2,app1,1.00001,M.Action,100,10,38
40,LINK,216,62,app1,1.00001,M.Action,100,10,39
1,LINK,2,83,app1,1.00001,M.Action,101.00001,10,0
2,LINK,73,64,app1,1.00001,M.Action,101.00001,10,1
3,LINK,317,72,app1,1.00001,M.Action,101.00001,10,2
4,LINK,42,51,app1,1.00001,M.Action,101.00001,10,3
5,LINK,114,308,app1,1.00001,M.Action,101.00001,10,4
6,LINK,218,0,app1,1.00001,M.Action,101.00001,10,5
7,LINK,78,42,app1,1.00001,M.Action,101.00001,10,6
8,LINK,56,71,app1,1.00001,M.Action,101.00001,10,7
9,LINK,176,78,app1,1.00001,M.Action,101.00001,10,8
10,LINK,91,104,app1,1.00001,M.Action,101.00001,10,9
11,LINK,68,2,app1,1.00001,M.Action,101.00001,10,10
12,LINK,2,83,app1,1.00001,M.Action,101.00001,10,11
13,LINK,138,18,app1,1.00001,M.Action,101.00001,10,12
14,LINK,143,104,app1,1.00001,M.Action,101.00001,10,13
15,LINK,4,85,app1,1.00001,M.Action,101.00001,10,14
16,LINK,28,287,app1,1.00001,M.Action,101.00001,10,15
17,LINK,301,275,app1,1.00001,M.Action,101.00001,10,16
18,LINK,19,141,app1,1.00001,M.Action,101.00001,10,17
19,LINK,49,190,app1,1.00001,M.Action,101.00001,10,18
20,LINK,157,349,app1,1.00001,M.Action,101.00001,10,19
21,LINK,178,82,app1,1.00001,M.Action,101.00001,10,20
22,LINK,8,6,app1,1.00001,M.Action,101.00001,10,21
23,LINK,23,57,app1,1.00001,M.Action,101.00001,10,22
25,LINK,104,206,app1,1.00001,M.Action,101.00001,10,23
26,LINK,41,29,app1,1.00001,M.Action,101.00001,10,24
27,LINK,59,82,app1,1.00001,M.Action,101.00001,10,25
28,LINK,56,71,app1,1.00001,M.Action,101.00001,10,26
29,LINK,57,56,app1,1.00001,M.Action,101.00001,10,27
30,LINK,259,206,app1,1.00001,M.Action,101.00001,10,28
31,LINK,28,287,app1,1.00001,M.Action,101.00001,10,29
32,LINK,3,248,app1,1.00001,M.Action,101.00001,10,30
33,LINK,69,197,app1,1.00001,M.Action,101.00001,10,31
34,LINK,19,141,app1,1.00001,M.Action,101.00001,10,32
35,LINK,206,96,app1,1.00001,M.Action,101.00001,10,33
36,LINK,85,89,app1,1.00001,M.Action,101.00001,10,34
37,LINK,296,9,app1,1.00001,M.Action,101.00001,10,35
38,LINK,105,24,app1,1.00001,M.Action,101.00001,10,36
39,LINK,2,83,app1,1.00001,M.Action,101.00001,10,37
40,LINK,62,81,app1,1.00001,M.Action,101.00001,10,38
1,LINK,83,60,app1,1.00001,M.Action,102.00002,10,5
2,LINK,64,61,app1,1.00001,M.Action,102.00002,10,6
4,LINK,51,72,app1,1.00001,M.Action,102.00002,10,7
5,LINK,308,317,app1,1.00001,M.Action,102.00002,10,8
6,LINK,0,72,app1,1.00001,M.Action,102.00002,10,9
7,LINK,42,51,app1,1.00001,M.Action,102.00002,10,10
8,LINK,71,103,app1,1.00001,M.Action,102.00002,10,11
9,LINK,78,42,app1,1.00001,M.Action,102.00002,10,12
10,LINK,104,206,app1,1.00001,M.Action,102.00002,10,13
11,LINK,2,83,app1,1.00001,M.Action,102.00002,10,14
13,LINK,18,103,app1,1.00001,M.Action,102.00002,10,15
14,LINK,104,206,app1,1.00001,M.Action,102.00002,10,16
15,LINK,85,89,app1,1.00001,M.Action,102.00002,10,17
16,LINK,287,218,app1,1.00001,M.Action,102.00002,10,18
17,LINK,275,270,app1,1.00001,M.Action,102.00002,10,19
18,LINK,141,6,app1,1.00001,M.Action,102.00002,10,20
19,LINK,190,85,app1,1.00001,M.Action,102.00002,10,21
20,LINK,349,170,app1,1.00001,M.Action,102.00002,10,22
21,LINK,82,347,app1,1.00001,M.Action,102.00002,10,23
22,LINK,6,114,app1,1.00001,M.Action,102.00002,10,24
23,LINK,57,56,app1,1.00001,M.Action,102.00002,10,25
25,LINK,206,96,app1,1.00001,M.Action,102.00002,10,26
26,LINK,29,140,app1,1.00001,M.Action,102.00002,10,27
27,LINK,82,347,app1,1.00001,M.Action,102.00002,10,28
29,LINK,56,71,app1,1.00001,M.Action,102.00002,10,29
30,LINK,206,96,app1,1.00001,M.Action,102.00002,10,30
32,LINK,248,176,app1,1.00001,M.Action,102.00002,10,31
33,LINK,197,132,app1,1.00001,M.Action,102.00002,10,32
35,LINK,96,336,app1,1.00001,M.Action,102.00002,10,33
36,LINK,89,72,app1,1.00001,M.Action,102.00002,10,34
37,LINK,9,105,app1,1.00001,M.Action,102.00002,10,35
38,LINK,24,168,app1,1.00001,M.Action,102.00002,10,36
40,LINK,81,338,app1,1.00001,M.Action,102.00002,10,37
12,LINK,83,60,app1,1.00001,M.Action,103.00003000000001,10,6
28,LINK,71,103,app1,1.00001,M.Action,103.00003000000001,10,7
31,LINK,287,218,app1,1.00001,M.Action,103.00003000000001,10,8
34,LINK,141,6,app1,1.00001,M.Action,103.00003000000001,10,9
1,LINK,60,218,app1,1.00001,M.Action,103.00003000000001,10,10
2,LINK,61,65,app1,1.00001,M.Action,103.00003000000001,10,11
5,LINK,317,72,app1,1.00001,M.Action,103.00003000000001,10,12
7,LINK,51,72,app1,1.00001,M.Action,103.00003000000001,10,13
8,LINK,103,198,app1,1.00001,M.Action,103.00003000000001,10,14
9,LINK,42,51,app1,1.00001,M.Action,103.00003000000001,10,15
10,LINK,206,96,app1,1.00001,M.Action,103.00003000000001,10,16
13,LINK,103,198,app1,1.00001,M.Action,103.00003000000001,10,17
15,LINK,89,72,app1,1.00001,M.Action,103.00003000000001,10,18
16,LINK,218,0,app1,1.00001,M.Action,103.00003000000001,10,19
17,LINK,270,240,app1,1.00001,M.Action,103.00003000000001,10,20
18,LINK,6,114,app1,1.00001,M.Action,103.00003000000001,10,21
19,LINK,85,89,app1,1.00001,M.Action,103.00003000000001,10,22
20,LINK,170,51,app1,1.00001,M.Action,103.00003000000001,10,23
21,LINK,347,30,app1,1.00001,M.Action,103.00003000000001,10,24
22,LINK,114,308,app1,1.00001,M.Action,103.00003000000001,10,25
23,LINK,56,71,app1,1.00001,M.Action,103.00003000000001,10,26
25,LINK,96,336,app1,1.00001,M.Action,103.00003000000001,10,27
26,LINK,140,172,app1,1.00001,M.Action,103.00003000000001,10,28
32,LINK,176,78,app1,1.00001,M.Action,103.00003000000001,10,29
33,LINK,132,9,app1,1.00001,M.Action,103.00003000000001,10,30
35,LINK,336,4,app1,1.00001,M.Action,103.00003000000001,10,31
37,LINK,105,24,app1,1.00001,M.Action,103.00003000000001,10,32
38,LINK,168,72,app1,1.00001,M.Action,103.00003000000001,10,33
40,LINK,338,9,app1,1.00001,M.Action,103.00003000000001,10,34
39,LINK,83,60,app1,1.00001,M.Action,104.00004000000001,10,4
14,LINK,206,96,app1,1.00001,M.Action,104.00004000000001,10,5
27,LINK,347,30,app1,1.00001,M.Action,104.00004000000001,10,6
29,LINK,71,103,app1,1.00001,M.Action,104.00004000000001,10,7
30,LINK,96,336,app1,1.00001,M.Action,104.00004000000001,10,8
12,LINK,60,218,app1,1.00001,M.Action,104.00004000000001,10,9
28,LINK,103,198,app1,1.00001,M.Action,104.00004000000001,10,10
31,LINK,218,0,app1,1.00001,M.Action,104.00004000000001,10,11
34,LINK,6,114,app1,1.00001,M.Action,104.00004000000001,10,12
1,LINK,218,0,app1,1.00001,M.Action,104.00004000000001,10,13
2,LINK,65,93,app1,1.00001,M.Action,104.00004000000001,10,14
8,LINK,198,72,app1,1.00001,M.Action,104.00004000000001,10,15
9,LINK,51,72,app1,1.00001,M.Action,104.00004000000001,10,16
16,LINK,0,72,app1,1.00001,M.Action,104.00004000000001,10,17
17,LINK,240,171,app1,1.00001,M.Action,104.00004000000001,10,18
18,LINK,114,308,app1,1.00001,M.Action,104.00004000000001,10,19
19,LINK,89,72,app1,1.00001,M.Action,104.00004000000001,10,20
20,LINK,51,72,app1,1.00001,M.Action,104.00004000000001,10,21
21,LINK,30,257,app1,1.00001,M.Action,104.00004000000001,10,22
22,LINK,308,317,app1,1.00001,M.Action,104.00004000000001,10,23
25,LINK,336,4,app1,1.00001,M.Action,104.00004000000001,10,24
26,LINK,172,64,app1,1.00001,M.Action,104.00004000000001,10,25
32,LINK,78,42,app1,1.00001,M.Action,104.00004000000001,10,26
33,LINK,9,105,app1,1.00001,M.Action,104.00004000000001,10,27
35,LINK,4,24,app1,1.00001,M.Action,104.00004000000001,10,28
37,LINK,24,168,app1,1.00001,M.Action,104.00004000000001,10,29
40,LINK,9,105,app1,1.00001,M.Action,104.00004000000001,10,30
11,LINK,83,60,app1,1.00001,M.Action,105.00005000000002,10,5
10,LINK,96,336,app1,1.00001,M.Action,105.00005000000002,10,6
13,LINK,198,72,app1,1.00001,M.Action,105.00005000000002,10,7
23,LINK,71,103,app1,1.00001,M.Action,105.00005000000002,10,8
39,LINK,60,218,app1,1.00001,M.Action,105.00005000000002,10,9
27,LINK,30,257,app1,1.00001,M.Action,105.00005000000002,10,10
29,LINK,103,198,app1,1.00001,M.Action,105.00005000000002,10,11
30,LINK,336,4,app1,1.00001,M.Action,105.00005000000002,10,12
12,LINK,218,0,app1,1.00001,M.Action,105.00005000000002,10,13
31,LINK,0,72,app1,1.00001,M.Action,105.00005000000002,10,14
34,LINK,114,308,app1,1.00001,M.Action,105.00005000000002,10,15
2,LINK,93,317,app1,1.00001,M.Action,105.00005000000002,10,16
17,LINK,171,128,app1,1.00001,M.Action,105.00005000000002,10,17
18,LINK,308,317,app1,1.00001,M.Action,105.00005000000002,10,18
21,LINK,257,44,app1,1.00001,M.Action,105.00005000000002,10,19
22,LINK,317,72,app1,1.00001,M.Action,105.00005000000002,10,20
25,LINK,4,85,app1,1.00001,M.Action,105.00005000000002,10,21
26,LINK,64,61,app1,1.00001,M.Action,105.00005000000002,10,22
32,LINK,42,51,app1,1.00001,M.Action,105.00005000000002,10,23
33,LINK,105,24,app1,1.00001,M.Action,105.00005000000002,10,24
35,LINK,24,168,app1,1.00001,M.Action,105.00005000000002,10,25
37,LINK,168,72,app1,1.00001,M.Action,105.00005000000002,10,26
14,LINK,96,336,app1,1.00001,M.Action,106.00006000000002,10,2
28,LINK,198,72,app1,1.00001,M.Action,106.00006000000002,10,3
1,LINK,0,72,app1,1.00001,M.Action,106.00006000000002,10,4
40,LINK,105,24,app1,1.00001,M.Action,106.00006000000002,10,5
11,LINK,60,218,app1,1.00001,M.Action,106.00006000000002,10,6
10,LINK,336,4,app1,1.00001,M.Action,106.00006000000002,10,7
23,LINK,103,198,app1,1.00001,M.Action,106.00006000000002,10,8
39,LINK,218,0,app1,1.00001,M.Action,106.00006000000002,10,9
27,LINK,257,44,app1,1.00001,M.Action,106.00006000000002,10,10
30,LINK,4,85,app1,1.00001,M.Action,106.00006000000002,10,11
34,LINK,308,317,app1,1.00001,M.Action,106.00006000000002,10,12
2,LINK,317,72,app1,1.00001,M.Action,106.00006000000002,10,13
17,LINK,128,72,app1,1.00001,M.Action,106.00006000000002,10,14
18,LINK,317,72,app1,1.00001,M.Action,106.00006000000002,10,15
21,LINK,44,168,app1,1.00001,M.Action,106.00006000000002,10,16
25,LINK,85,89,app1,1.00001,M.Action,106.00006000000002,10,17
26,LINK,61,65,app1,1.00001,M.Action,106.00006000000002,10,18
32,LINK,51,72,app1,1.00001,M.Action,106.00006000000002,10,19
33,LINK,24,168,app1,1.00001,M.Action,106.00006000000002,10,20
35,LINK,168,72,app1,1.00001,M.Action,106.00006000000002,10,21
29,LINK,198,72,app1,1.00001,M.Action,107.00007000000002,10,3
12,LINK,0,72,app1,1.00001,M.Action,107.00007000000002,10,4
14,LINK,336,4,app1,1.00001,M.Action,107.00007000000002,10,5
40,LINK,24,168,app1,1.00001,M.Action,107.00007000000002,10,6
11,LINK,218,0,app1,1.00001,M.Action,107.00007000000002,10,7
10,LINK,4,85,app1,1.00001,M.Action,107.00007000000002,10,8
27,LINK,44,168,app1,1.00001,M.Action,107.00007000000002,10,9
30,LINK,85,89,app1,1.00001,M.Action,107.00007000000002,10,10
34,LINK,317,72,app1,1.00001,M.Action,107.00007000000002,10,11
21,LINK,168,72,app1,1.00001,M.Action,107.00007000000002,10,12
25,LINK,89,72,app1,1.00001,M.Action,107.00007000000002,10,13
26,LINK,65,93,app1,1.00001,M.Action,107.00007000000002,10,14
33,LINK,168,72,app1,1.00001,M.Action,107.00007000000002,10,15
23,LINK,198,72,app1,1.00001,M.Action,108.00008000000003,10,3
39,LINK,0,72,app1,1.00001,M.Action,108.00008000000003,10,4
14,LINK,4,24,app1,1.00001,M.Action,108.00008000000003,10,5
40,LINK,168,72,app1,1.00001,M.Action,108.00008000000003,10,6
10,LINK,85,89,app1,1.00001,M.Action,108.00008000000003,10,7
27,LINK,168,72,app1,1.00001,M.Action,108.00008000000003,10,8
30,LINK,89,72,app1,1.00001,M.Action,108.00008000000003,10,9
26,LINK,93,317,app1,1.00001,M.Action,108.00008000000003,10,10
11,LINK,0,72,app1,1.00001,M.Action,109.00009000000003,10,2
14,LINK,24,168,app1,1.00001,M.Action,109.00009000000003,10,3
10,LINK,89,72,app1,1.00001,M.Action,109.00009000000003,10,4
26,LINK,317,72,app1,1.00001,M.Action,109.00009000000003,10,5
14,LINK,168,72,app1,1.00001,M.Action,110.00010000000003,10,1
41,LINK,68,2,app1,1.00001,M.Action,200,10,0
42,LINK,291,73,app1,1.00001,M.Action,200,10,1
43,LINK,391,317,app1,1.00001,M.Action,200,10,2
44,LINK,32,42,app1,1.00001,M.Action,200,10,3
45,LINK,130,114,app1,1.00001,M.Action,200,10,4
46,LINK,60,218,app1,1.00001,M.Action,200,10,5
47,LINK,253,78,app1,1.00001,M.Action,200,10,6
48,LINK,389,56,app1,1.00001,M.Action,200,10,7
49,LINK,230,176,app1,1.00001,M.Action,200,10,8
50,LINK,241,91,app1,1.00001,M.Action,200,10,9
51,LINK,333,68,app1,1.00001,M.Action,200,10,10
52,LINK,194,2,app1,1.00001,M.Action,200,10,11
53,LINK,107,138,app1,1.00001,M.Action,200,10,12
54,LINK,48,143,app1,1.00001,M.Action,200,10,13
55,LINK,249,4,app1,1.00001,M.Action,200,10,14
56,LINK,14,28,app1,1.00001,M.Action,200,10,15
57,LINK,199,301,app1,1.00001,M.Action,200,10,16
58,LINK,221,19,app1,1.00001,M.Action,200,10,17
59,LINK,311,49,app1,1.00001,M.Action,200,10,18
60,LINK,390,157,app1,1.00001,M.Action,200,10,19
61,LINK,392,178,app1,1.00001,M.Action,200,10,20
62,LINK,1,8,app1,1.00001,M.Action,200,10,21
63,LINK,356,23,app1,1.00001,M.Action,200,10,22
64,LINK,228,72,app1,1.00001,M.Action,200,10,23
65,LINK,136,104,app1,1.00001,M.Action,200,10,24
66,LINK,369,41,app1,1.00001,M.Action,200,10,25
67,LINK,117,59,app1,1.00001,M.Action,200,10,26
68,LINK,302,56,app1,1.00001,M.Action,200,10,27
69,LINK,52,57,app1,1.00001,M.Action,200,10,28
70,LINK,162,259,app1,1.00001,M.Action,200,10,29
71,LINK,15,28,app1,1.00001,M.Action,200,10,30
72,LINK,11,3,app1,1.00001,M.Action,200,10,31
73,LINK,13,69,app1,1.00001,M.Action,200,10,32
74,LINK,332,19,app1,1.00001,M.Action,200,10,33
75,LINK,277,206,app1,1.00001,M.Action,200,10,34
76,LINK,4,85,app1,1.00001,M.Action,200,10,35
77,LINK,195,296,app1,1.00001,M.Action,200,10,36
78,LINK,351,105,app1,1.00001,M.Action,200,10,37
79,LINK,110,2,app1,1.00001,M.Action,200,10,38
80,LINK,216,62,app1,1.00001,M.Action,200,10,39
41,LINK,2,83,app1,1.00001,M.Action,201.00001,10,0
42,LINK,73,64,app1,1.00001,M.Action,201.00001,10,1
43,LINK,317,72,app1,1.00001,M.Action,201.00001,10,2
44,LINK,42,51,app1,1.00001,M.Action,201.00001,10,3
45,LINK,114,308,app1,1.00001,M.Action,201.00001,10,4
46,LINK,218,0,app1,1.00001,M.Action,201.00001,10,5
47,LINK,78,42,app1,1.00001,M.Action,201.00001,10,6
48,LINK,56,71,app1,1.00001,M.Action,201.00001,10,7
49,LINK,176,78,app1,1.00001,M.Action,201.00001,10,8
50,LINK,91,104,app1,1.00001,M.Action,201.00001,10,9
51,LINK,68,2,app1,1.00001,M.Action,201.00001,10,10
52,LINK,2,83,app1,1.00001,M.Action,201.00001,10,11
53,LINK,138,18,app1,1.00001,M.Action,201.00001,10,12
54,LINK,143,104,app1,1.00001,M.Action,201.00001,10,13
55,LINK,4,85,app1,1.00001,M.Action,201.00001,10,14
56,LINK,28,287,app1,1.00001,M.Action,201.00001,10,15
57,LINK,301,275,app1,1.00001,M.Action,201.00001,10,16
58,LINK,19,141,app1,1.00001,M.Action,201.00001,10,17
59,LINK,49,190,app1,1.00001,M.Action,201.00001,10,18
60,LINK,157,349,app1,1.00001,M.Action,201.00001,10,19
61,LINK,178,82,app1,1.00001,M.Action,201.00001,10,20
62,LINK,8,6,app1,1.00001,M.Action,201.00001,10,21
63,LINK,23,57,app1,1.00001,M.Action,201.00001,10,22
65,LINK,104,206,app1,1.00001,M.Action,201.00001,10,23
66,LINK,41,29,app1,1.00001,M.Action,201.00001,10,24
67,LINK,59,82,app1,1.00001,M.Action,201.00001,10,25
68,LINK,56,71,app1,1.00001,M.Action,201.00001,10,26
69,LINK,57,56,app1,1.00001,M.Action,201.00001,10,27
70,LINK,259,206,app1,1.00001,M.Action,201.00001,10,28
71,LINK,28,287,app1,1.00001,M.Action,201.00001,10,29
72,LINK,3,248,app1,1.00001,M.Action,201.00001,10,30
73,LINK,69,197,app1,1.00001,M.Action,201.00001,10,31
74,LINK,19,141,app1,1.00001,M.Action,201.00001,10,32
75,LINK,206,96,app1,1.00001,M.Action,201.00001,10,33
76,LINK,85,89,app1,1.00001,M.Action,201.00001,10,34
77,LINK,296,9,app1,1.00001,M.Action,201.00001,10,35
78,LINK,105,24,app1,1.00001,M.Action,201.00001,10,36
79,LINK,2,83,app1,1.00001,M.Action,201.00001,10,37
80,LINK,62,81,app1,1.00001,M.Action,201.00001,10,38
41,LINK,83,60,app1,1.00001,M.Action,202.00002,10,5
42,LINK,64,61,app1,1.00001,M.Action,202.00002,10,6
44,LINK,51,72,app1,1.00001,M.Action,202.00002,10,7
45,LINK,308,317,app1,1.00001,M.Action,202.00002,10,8
46,LINK,0,72,app1,1.00001,M.Action,202.00002,10,9
47,LINK,42,51,app1,1.00001,M.Action,202.00002,10,10
48,LINK,71,103,app1,1.00001,M.Action,202.00002,10,11
49,LINK,78,42,app1,1.00001,M.Action,202.00002,10,12
50,LINK,104,206,app1,1.00001,M.Action,202.00002,10,13
51,LINK,2,83,app1,1.00001,M.Action,202.00002,10,14
53,LINK,18,103,app1,1.00001,M.Action,202.00002,10,15
54,LINK,104,206,app1,1.00001,M.Action,202.00002,10,16
55,LINK,85,89,app1,1.00001,M.Action,202.00002,10,17
56,LINK,287,218,app1,1.00001,M.Action,202.00002,10,18
57,LINK,275,270,app1,1.00001,M.Action,202.00002,10,19
58,LINK,141,6,app1,1.00001,M.Action,202.00002,10,20
59,LINK,190,85,app1,1.00001,M.Action,202.00002,10,21
60,LINK,349,170,app1,1.00001,M.Action,202.00002,10,22
61,LINK,82,347,app1,1.00001,M.Action,202.00002,10,23
62,LINK,6,114,app1,1.00001,M.Action,202.00002,10,24
63,LINK,57,56,app1,1.00001,M.Action,202.00002,10,25
65,LINK,206,96,app1,1.00001,M.Action,202.00002,10,26
66,LINK,29,140,app1,1.00001,M.Action,202.00002,10,27
67,LINK,82,347,app1,1.00001,M.Action,202.00002,10,28
69,LINK,56,71,app1,1.00001,M.Action,202.00002,10,29
70,LINK,206,96,app1,1.00001,M.Action,202.00002,10,30
72,LINK,248,176,app1,1.00001,M.Action,202.00002,10,31
73,LINK,197,132,app1,1.00001,M.Action,202.00002,10,32
75,LINK,96,336,app1,1.00001,M.Action,202.00002,10,33
76,LINK,89,72,app1,1.00001,M.Action,202.00002,10,34
77,LINK,9,105,app1,1.00001,M.Action,202.00002,10,35
78,LINK,24,168,app1,1.00001,M.Action,202.00002,10,36
80,LINK,81,338,app1,1.00001,M.Action,202.00002,10,37
52,LINK,83,60,app1,1.00001,M.Action,203.00003,10,6
68,LINK,71,103,app1,1.00001,M.Action,203.00003,10,7
71,LINK,287,218,app1,1.00001,M.Action,203.00003,10,8
74,LINK,141,6,app1,1.00001,M.Action,203.00003,10,9
41,LINK,60,218,app1,1.00001,M.Action,203.00003,10,10
42,LINK,61,65,app1,1.00001,M.Action,203.00003,10,11
45,LINK,317,72,app1,1.00001,M.Action,203.00003,10,12
47,LINK,51,72,app1,1.00001,M.Action,203.00003,10,13
48,LINK,103,198,app1,1.00001,M.Action,203.00003,10,14
49,LINK,42,51,app1,1.00001,M.Action,203.00003,10,15
50,LINK,206,96,app1,1.00001,M.Action,203.00003,10,16
53,LINK,103,198,app1,1.00001,M.Action,203.00003,10,17
55,LINK,89,72,app1,1.00001,M.Action,203.00003,10,18
56,LINK,218,0,app1,1.00001,M.Action,203.00003,10,19
57,LINK,270,240,app1,1.00001,M.Action,203.00003,10,20
58,LINK,6,114,app1,1.00001,M.Action,203.00003,10,21
59,LINK,85,89,app1,1.00001,M.Action,203.00003,10,22
60,LINK,170,51,app1,1.00001,M.Action,203.00003,10,23
61,LINK,347,30,app1,1.00001,M.Action,203.00003,10,24
62,LINK,114,308,app1,1.00001,M.Action,203.00003,10,25
63,LINK,56,71,app1,1.00001,M.Action,203.00003,10,26
65,LINK,96,336,app1,1.00001,M.Action,203.00003,10,27
66,LINK,140,172,app1,1.00001,M.Action,203.00003,10,28
72,LINK,176,78,app1,1.00001,M.Action,203.00003,10,29
73,LINK,132,9,app1,1.00001,M.Action,203.00003,10,30
75,LINK,336,4,app1,1.00001,M.Action,203.00003,10,31
77,LINK,105,24,app1,1.00001,M.Action,203.00003,10,32
78,LINK,168,72,app1,1.00001,M.Action,203.00003,10,33
80,LINK,338,9,app1,1.00001,M.Action,203.00003,10,34
79,LINK,83,60,app1,1.00001,M.Action,204.00004,10,4
54,LINK,206,96,app1,1.00001,M.Action,204.00004,10,5
67,LINK,347,30,app1,1.00001,M.Action,204.00004,10,6
69,LINK,71,103,app1,1.00001,M.Action,204.00004,10,7
70,LINK,96,336,app1,1.00001,M.Action,204.00004,10,8
52,LINK,60,218,app1,1.00001,M.Action,204.00004,10,9
68,LINK,103,198,app1,1.00001,M.Action,204.00004,10,10
71,LINK,218,0,app1,1.00001,M.Action,204.00004,10,11
74,LINK,6,114,app1,1.00001,M.Action,204.00004,10,12
41,LINK,218,0,app1,1.00001,M.Action,204.00004,10,13
42,LINK,65,93,app1,1.00001,M.Action,204.00004,10,14
48,LINK,198,72,app1,1.00001,M.Action,204.00004,10,15
49,LINK,51,72,app1,1.00001,M.Action,204.00004,10,16
56,LINK,0,72,app1,1.00001,M.Action,204.00004,10,17
57,LINK,240,171,app1,1.00001,M.Action,204.00004,10,18
58,LINK,114,308,app1,1.00001,M.Action,204.00004,10,19
59,LINK,89,72,app1,1.00001,M.Action,204.00004,10,20
60,LINK,51,72,app1,1.00001,M.Action,204.00004,10,21
61,LINK,30,257,app1,1.00001,M.Action,204.00004,10,22
62,LINK,308,317,app1,1.00001,M.Action,204.00004,10,23
65,LINK,336,4,app1,1.00001,M.Action,204.00004,10,24
66,LINK,172,64,app1,1.00001,M.Action,204.00004,10,25
72,LINK,78,42,app1,1.00001,M.Action,204.00004,10,26
73,LINK,9,105,app1,1.00001,M.Action,204.00004,10,27
75,LINK,4,24,app1,1.00001,M.Action,204.00004,10,28
77,LINK,24,168,app1,1.00001,M.Action,204.00004,10,29
80,LINK,9,105,app1,1.00001,M.Action,204.00004,10,30
51,LINK,83,60,app1,1.00001,M.Action,205.00005000000002,10,5
50,LINK,96,336,app1,1.00001,M.Action,205.00005000000002,10,6
53,LINK,198,72,app1,1.00001,M.Action,205.00005000000002,10,7
63,LINK,71,103,app1,1.00001,M.Action,205.00005000000002,10,8
79,LINK,60,218,app1,1.00001,M.Action,205.00005000000002,10,9
67,LINK,30,257,app1,1.00001,M.Action,205.00005000000002,10,10
69,LINK,103,198,app1,1.00001,M.Action,205.00005000000002,10,11
70,LINK,336,4,app1,1.00001,M.Action,205.00005000000002,10,12
52,LINK,218,0,app1,1.00001,M.Action,205.00005000000002,10,13
71,LINK,0,72,app1,1.00001,M.Action,205.00005000000002,10,14
74,LINK,114,308,app1,1.00001,M.Action,205.00005000000002,10,15
42,LINK,93,317,app1,1.00001,M.Action,205.00005000000002,10,16
57,LINK,171,128,app1,1.00001,M.Action,205.00005000000002,10,17
58,LINK,308,317,app1,1.00001,M.Action,205.00005000000002,10,18
61,LINK,257,44,app1,1.00001,M.Action,205.00005000000002,10,19
62,LINK,317,72,app1,1.00001,M.Action,205.00005000000002,10,20
65,LINK,4,85,app1,1.00001,M.Action,205.00005000000002,10,21
66,LINK,64,61,app1,1.00001,M.Action,205.00005000000002,10,22
72,LINK,42,51,app1,1.00001,M.Action,205.00005000000002,10,23
73,LINK,105,24,app1,1.00001,M.Action,205.00005000000002,10,24
75,LINK,24,168,app1,1.00001,M.Action,205.00005000000002,10,25
77,LINK,168,72,app1,1.00001,M.Action,205.00005000000002,10,26
54,LINK,96,336,app1,1.00001,M.Action,206.00006000000002,10,2
68,LINK,198,72,app1,1.00001,M.Action,206.00006000000002,10,3
41,LINK,0,72,app1,1.00001,M.Action,206.00006000000002,10,4
80,LINK,105,24,app1,1.00001,M.Action,206.00006000000002,10,5
51,LINK,60,218,app1,1.00001,M.Action,206.00006000000002,10,6
50,LINK,336,4,app1,1.00001,M.Action,206.00006000000002,10,7
63,LINK,103,198,app1,1.00001,M.Action,206.00006000000002,10,8
79,LINK,218,0,app1,1.00001,M.Action,206.00006000000002,10,9
67,LINK,257,44,app1,1.00001,M.Action,206.00006000000002,10,10
70,LINK,4,85,app1,1.00001,M.Action,206.00006000000002,10,11
74,LINK,308,317,app1,1.00001,M.Action,206.00006000000002,10,12
42,LINK,317,72,app1,1.00001,M.Action,206.00006000000002,10,13
57,LINK,128,72,app1,1.00001,M.Action,206.00006000000002,10,14
58,LINK,317,72,app1,1.00001,M.Action,206.00006000000002,10,15
61,LINK,44,168,app1,1.00001,M.Action,206.00006000000002,10,16
65,LINK,85,89,app1,1.00001,M.Action,206.00006000000002,10,17
66,LINK,61,65,app1,1.00001,M.Action,206.00006000000002,10,18
72,LINK,51,72,app1,1.00001,M.Action,206.00006000000002,10,19
73,LINK,24,168,app1,1.00001,M.Action,206.00006000000002,10,20
75,LINK,168,72,app1,1.00001,M.Action,206.00006000000002,10,21
69,LINK,198,72,app1,1.00001,M.Action,207.00007000000002,10,3
52,LINK,0,72,app1,1.00001,M.Action,207.00007000000002,10,4
54,LINK,336,4,app1,1.00001,M.Action,207.00007000000002,10,5
80,LINK,24,168,app1,1.00001,M.Action,207.00007000000002,10,6
51,LINK,218,0,app1,1.00001,M.Action,207.00007000000002,10,7
50,LINK,4,85,app1,1.00001,M.Action,207.00007000000002,10,8
67,LINK,44,168,app1,1.00001,M.Action,207.00007000000002,10,9
70,LINK,85,89,app1,1.00001,M.Action,207.00007000000002,10,10
74,LINK,317,72,app1,1.00001,M.Action,207.00007000000002,10,11
61,LINK,168,72,app1,1.00001,M.Action,207.00007000000002,10,12
65,LINK,89,72,app1,1.00001,M.Action,207.00007000000002,10,13
66,LINK,65,93,app1,1.00001,M.Action,207.00007000000002,10,14
73,LINK,168,72,app1,1.00001,M.Action,207.00007000000002,10,15
63,LINK,198,72,app1,1.00001,M.Action,208.00008000000003,10,3
79,LINK,0,72,app1,1.00001,M.Action,208.00008000000003,10,4
54,LINK,4,24,app1,1.00001,M.Action,208.00008000000003,10,5
80,LINK,168,72,app1,1.00001,M.Action,208.00008000000003,10,6
50,LINK,85,89,app1,1.00001,M.Action,208.00008000000003,10,7
67,LINK,168,72,app1,1.00001,M.Action,208.00008000000003,10,8
70,LINK,89,72,app1,1.00001,M.Action,208.00008000000003,10,9
66,LINK,93,317,app1,1.00001,M.Action,208.00008000000003,10,10
51,LINK,0,72,app1,1.00001,M.Action,209.00009000000003,10,2
54,LINK,24,168,app1,1.00001,M.Action,209.00009000000003,10,3
50,LINK,89,72,app1,1.00001,M.Action,209.00009000000003,10,4
66,LINK,317,72,app1,1.00001,M.Action,209.00009000000003,10,5
54,LINK,168,72,app1,1.00001,M.Action,210.00010000000003,10,1
81,LINK,68,2,app1,1.00001,M.Action,300,10,0
82,LINK,291,73,app1,1.00001,M.Action,300,10,1
83,LINK,391,317,app1,1.00001,M.Action,300,10,2
84,LINK,32,42,app1,1.00001,M.Action,300,10,3
85,LINK,130,114,app1,1.00001,M.Action,300,10,4
86,LINK,60,218,app1,1.00001,M.Action,300,10,5
87,LINK,253,78,app1,1.00001,M.Action,300,10,6
88,LINK,389,56,app1,1.00001,M.Action,300,10,7
89,LINK,230,176,app1,1.00001,M.Action,300,10,8
90,LINK,241,91,app1,1.00001,M.Action,300,10,9
91,LINK,333,68,app1,1.00001,M.Action,300,10,10
92,LINK,194,2,app1,1.00001,M.Action,300,10,11
93,LINK,107,138,app1,1.00001,M.Action,300,10,12
94,LINK,48,143,app1,1.00001,M.Action,300,10,13
95,LINK,249,4,app1,1.00001,M.Action,300,10,14
96,LINK,14,28,app1,1.00001,M.Action,300,10,15
97,LINK,199,301,app1,1.00001,M.Action,300,10,16
98,LINK,221,19,app1,1.00001,M.Action,300,10,17
99,LINK,311,49,app1,1.00001,M.Action,300,10,18
100,LINK,390,157,app1,1.00001,M.Action,300,10,19
101,LINK,392,178,app1,1.00001,M.Action,300,10,20
102,LINK,1,8,app1,1.00001,M.Action,300,10,21
103,LINK,356,23,app1,1.00001,M.Action,300,10,22
104,LINK,228,72,app1,1.00001,M.Action,300,10,23
105,LINK,136,104,app1,1.00001,M.Action,300,10,24
106,LINK,369,41,app1,1.00001,M.Action,300,10,25
107,LINK,117,59,app1,1.00001,M.Action,300,10,26
108,LINK,302,56,app1,1.00001,M.Action,300,10,27
109,LINK,52,57,app1,1.00001,M.Action,300,10,28
110,LINK,162,259,app1,1.00001,M.Action,300,10,29
111,LINK,15,28,app1,1.00001,M.Action,300,10,30
112,LINK,11,3,app1,1.00001,M.Action,300,10,31
113,LINK,13,69,app1,1.00001,M.Action,300,10,32
114,LINK,332,19,app1,1.00001,M.Action,300,10,33
115,LINK,277,206,app1,1.00001,M.Action,300,10,34
116,LINK,4,85,app1,1.00001,M.Action,300,10,35
117,LINK,195,296,app1,1.00001,M.Action,300,10,36
118,LINK,351,105,app1,1.00001,M.Action,300,10,37
119,LINK,110,2,app1,1.00001,M.Action,300,10,38
120,LINK,216,62,app1,1.00001,M.Action,300,10,39
81,LINK,2,83,app1,1.00001,M.Action,301.00001,10,0
82,LINK,73,64,app1,1.00001,M.Action,301.00001,10,1
83,LINK,317,72,app1,1.00001,M.Action,301.00001,10,2
84,LINK,42,51,app1,1.00001,M.Action,301.00001,10,3
85,LINK,114,308,app1,1.00001,M.Action,301.00001,10,4
86,LINK,218,0,app1,1.00001,M.Action,301.00001,10,5
87,LINK,78,42,app1,1.00001,M.Action,301.00001,10,6
88,LINK,56,71,app1,1.00001,M.Action,301.00001,10,7
89,LINK,176,78,app1,1.00001,M.Action,301.00001,10,8
90,LINK,91,104,app1,1.00001,M.Action,301.00001,10,9
91,LINK,68,2,app1,1.00001,M.Action,301.00001,10,10
92,LINK,2,83,app1,1.00001,M.Action,301.00001,10,11
93,LINK,138,18,app1,1.00001,M.Action,301.00001,10,12
94,LINK,143,104,app1,1.00001,M.Action,301.00001,10,13
95,LINK,4,85,app1,1.00001,M.Action,301.00001,10,14
96,LINK,28,287,app1,1.00001,M.Action,301.00001,10,15
97,LINK,301,275,app1,1.00001,M.Action,301.00001,10,16
98,LINK,19,141,app1,1.00001,M.Action,301.00001,10,17
99,LINK,49,190,app1,1.00001,M.Action,301.00001,10,18
100,LINK,157,349,app1,1.00001,M.Action,301.00001,10,19
101,LINK,178,82,app1,1.00001,M.Action,301.00001,10,20
102,LINK,8,6,app1,1.00001,M.Action,301.00001,10,21
103,LINK,23,57,app1,1.00001,M.Action,301.00001,10,22
105,LINK,104,206,app1,1.00001,M.Action,301.00001,10,23
106,LINK,41,29,app1,1.00001,M.Action,301.00001,10,24
107,LINK,59,82,app1,1.00001,M.Action,301.00001,10,25
108,LINK,56,71,app1,1.00001,M.Action,301.00001,10,26
109,LINK,57,56,app1,1.00001,M.Action,301.00001,10,27
110,LINK,259,206,app1,1.00001,M.Action,301.00001,10,28
111,LINK,28,287,app1,1.00001,M.Action,301.00001,10,29
112,LINK,3,248,app1,1.00001,M.Action,301.00001,10,30
113,LINK,69,197,app1,1.00001,M.Action,301.00001,10,31
114,LINK,19,141,app1,1.00001,M.Action,301.00001,10,32
115,LINK,206,96,app1,1.00001,M.Action,301.00001,10,33
116,LINK,85,89,app1,1.00001,M.Action,301.00001,10,34
117,LINK,296,9,app1,1.00001,M.Action,301.00001,10,35
118,LINK,105,24,app1,1.00001,M.Action,301.00001,10,36
119,LINK,2,83,app1,1.00001,M.Action,301.00001,10,37
120,LINK,62,81,app1,1.00001,M.Action,301.00001,10,38
81,LINK,83,60,app1,1.00001,M.Action,302.00001999999995,10,5
82,LINK,64,61,app1,1.00001,M.Action,302.00001999999995,10,6
84,LINK,51,72,app1,1.00001,M.Action,302.00001999999995,10,7
85,LINK,308,317,app1,1.00001,M.Action,302.00001999999995,10,8
86,LINK,0,72,app1,1.00001,M.Action,302.00001999999995,10,9
87,LINK,42,51,app1,1.00001,M.Action,302.00001999999995,10,10
88,LINK,71,103,app1,1.00001,M.Action,302.00001999999995,10,11
89,LINK,78,42,app1,1.00001,M.Action,302.00001999999995,10,12
90,LINK,104,206,app1,1.00001,M.Action,302.00001999999995,10,13
91,LINK,2,83,app1,1.00001,M.Action,302.00001999999995,10,14
93,LINK,18,103,app1,1.00001,M.Action,302.00001999999995,10,15
94,LINK,104,206,app1,1.00001,M.Action,302.00001999999995,10,16
95,LINK,85,89,app1,1.00001,M.Action,302.00001999999995,10,17
96,LINK,287,218,app1,1.00001,M.Action,302.00001999999995,10,18
97,LINK,275,270,app1,1.00001,M.Action,302.00001999999995,10,19
98,LINK,141,6,app1,1.00001,M.Action,302.00001999999995,10,20
99,LINK,190,85,app1,1.00001,M.Action,302.00001999999995,10,21
100,LINK,349,170,app1,1.00001,M.Action,302.00001999999995,10,22
101,LINK,82,347,app1,1.00001,M.Action,302.00001999999995,10,23
102,LINK,6,114,app1,1.00001,M.Action,302.00001999999995,10,24
103,LINK,57,56,app1,1.00001,M.Action,302.00001999999995,10,25
105,LINK,206,96,app1,1.00001,M.Action,302.00001999999995,10,26
106,LINK,29,140,app1,1.00001,M.Action,302.00001999999995,10,27
107,LINK,82,347,app1,1.00001,M.Action,302.00001999999995,10,28
109,LINK,56,71,app1,1.00001,M.Action,302.00001999999995,10,29
110,LINK,206,96,app1,1.00001,M.Action,302.00001999999995,10,30
112,LINK,248,176,app1,1.00001,M.Action,302.00001999999995,10,31
113,LINK,197,132,app1,1.00001,M.Action,302.00001999999995,10,32
115,LINK,96,336,app1,1.00001,M.Action,302.00001999999995,10,33
116,LINK,89,72,app1,1.00001,M.Action,302.00001999999995,10,34
117,LINK,9,105,app1,1.00001,M.Action,302.00001999999995,10,35
118,LINK,24,168,app1,1.00001,M.Action,302.00001999999995,10,36
120,LINK,81,338,app1,1.00001,M.Action,302.00001999999995,10,37
92,LINK,83,60,app1,1.00001,M.Action,303.0000299999999,10,6
108,LINK,71,103,app1,1.00001,M.Action,303.0000299999999,10,7
111,LINK,287,218,app1,1.00001,M.Action,303.0000299999999,10,8
114,LINK,141,6,app1,1.00001,M.Action,303.0000299999999,10,9
81,LINK,60,218,app1,1.00001,M.Action,303.0000299999999,10,10
82,LINK,61,65,app1,1.00001,M.Action,303.0000299999999,10,11
85,LINK,317,72,app1,1.00001,M.Action,303.0000299999999,10,12
87,LINK,51,72,app1,1.00001,M.Action,303.0000299999999,10,13
88,LINK,103,198,app1,1.00001,M.Action,303.0000299999999,10,14
89,LINK,42,51,app1,1.00001,M.Action,303.0000299999999,10,15
90,LINK,206,96,app1,1.00001,M.Action,303.0000299999999,10,16
93,LINK,103,198,app1,1.00001,M.Action,303.0000299999999,10,17
95,LINK,89,72,app1,1.00001,M.Action,303.0000299999999,10,18
96,LINK,218,0,app1,1.00001,M.Action,303.0000299999999,10,19
97,LINK,270,240,app1,1.00001,M.Action,303.0000299999999,10,20
98,LINK,6,114,app1,1.00001,M.Action,303.0000299999999,10,21
99,LINK,85,89,app1,1.00001,M.Action,303.0000299999999,10,22
100,LINK,170,51,app1,1.00001,M.Action,303.0000299999999,10,23
101,LINK,347,30,app1,1.00001,M.Action,303.0000299999999,10,24
102,LINK,114,308,app1,1.00001,M.Action,303.0000299999999,10,25
103,LINK,56,71,app1,1.00001,M.Action,303.0000299999999,10,26
105,LINK,96,336,app1,1.00001,M.Action,303.0000299999999,10,27
106,LINK,140,172,app1,1.00001,M.Action,303.0000299999999,10,28
112,LINK,176,78,app1,1.00001,M.Action,303.0000299999999,10,29
113,LINK,132,9,app1,1.00001,M.Action,303.0000299999999,10,30
115,LINK,336,4,app1,1.00001,M.Action,303.0000299999999,10,31
117,LINK,105,24,app1,1.00001,M.Action,303.0000299999999,10,32
118,LINK,168,72,app1,1.00001,M.Action,303.0000299999999,10,33
120,LINK,338,9,app1,1.00001,M.Action,303.0000299999999,10,34
119,LINK,83,60,app1,1.00001,M.Action,304.0000399999999,10,4
94,LINK,206,96,app1,1.00001,M.Action,304.0000399999999,10,5
107,LINK,347,30,app1,1.00001,M.Action,304.0000399999999,10,6
109,LINK,71,103,app1,1.00001,M.Action,304.0000399999999,10,7
110,LINK,96,336,app1,1.00001,M.Action,304.0000399999999,10,8
92,LINK,60,218,app1,1.00001,M.Action,304.0000399999999,10,9
108,LINK,103,198,app1,1.00001,M.Action,304.0000399999999,10,10
111,LINK,218,0,app1,1.00001,M.Action,304.0000399999999,10,11
114,LINK,6,114,app1,1.00001,M.Action,304.0000399999999,10,12
81,LINK,218,0,app1,1.00001,M.Action,304.0000399999999,10,13
82,LINK,65,93,app1,1.00001,M.Action,304.0000399999999,10,14
88,LINK,198,72,app1,1.00001,M.Action,304.0000399999999,10,15
89,LINK,51,72,app1,1.00001,M.Action,304.0000399999999,10,16
96,LINK,0,72,app1,1.00001,M.Action,304.0000399999999,10,17
97,LINK,240,171,app1,1.00001,M.Action,304.0000399999999,10,18
98,LINK,114,308,app1,1.00001,M.Action,304.0000399999999,10,19
99,LINK,89,72,app1,1.00001,M.Action,304.0000399999999,10,20
100,LINK,51,72,app1,1.00001,M.Action,304.0000399999999,10,21
101,LINK,30,257,app1,1.00001,M.Action,304.0000399999999,10,22
102,LINK,308,317,app1,1.00001,M.Action,304.0000399999999,10,23
105,LINK,336,4,app1,1.00001,M.Action,304.0000399999999,10,24
106,LINK,172,64,app1,1.00001,M.Action,304.0000399999999,10,25
112,LINK,78,42,app1,1.00001,M.Action,304.0000399999999,10,26
113,LINK,9,105,app1,1.00001,M.Action,304.0000399999999,10,27
115,LINK,4,24,app1,1.00001,M.Action,304.0000399999999,10,28
117,LINK,24,168,app1,1.00001,M.Action,304.0000399999999,10,29
120,LINK,9,105,app1,1.00001,M.Action,304.0000399999999,10,30
91,LINK,83,60,app1,1.00001,M.Action,305.0000499999999,10,5
90,LINK,96,336,app1,1.00001,M.Action,305.0000499999999,10,6
93,LINK,198,72,app1,1.00001,M.Action,305.0000499999999,10,7
103,LINK,71,103,app1,1.00001,M.Action,305.0000499999999,10,8
119,LINK,60,218,app1,1.00001,M.Action,305.0000499999999,10,9
107,LINK,30,257,app1,1.00001,M.Action,305.0000499999999,10,10
109,LINK,103,198,app1,1.00001,M.Action,305.0000499999999,10,11
110,LINK,336,4,app1,1.00001,M.Action,305.0000499999999,10,12
92,LINK,218,0,app1,1.00001,M.Action,305.0000499999999,10,13
111,LINK,0,72,app1,1.00001,M.Action,305.0000499999999,10,14
114,LINK,114,308,app1,1.00001,M.Action,305.0000499999999,10,15
82,LINK,93,317,app1,1.00001,M.Action,305.0000499999999,10,16
97,LINK,171,128,app1,1.00001,M.Action,305.0000499999999,10,17
98,LINK,308,317,app1,1.00001,M.Action,305.0000499999999,10,18
101,LINK,257,44,app1,1.00001,M.Action,305.0000499999999,10,19
102,LINK,317,72,app1,1.00001,M.Action,305.0000499999999,10,20
105,LINK,4,85,app1,1.00001,M.Action,305.0000499999999,10,21
106,LINK,64,61,app1,1.00001,M.Action,305.0000499999999,10,22
112,LINK,42,51,app1,1.00001,M.Action,305.0000499999999,10,23
113,LINK,105,24,app1,1.00001,M.Action,305.0000499999999,10,24
115,LINK,24,168,app1,1.00001,M.Action,305.0000499999999,10,25
117,LINK,168,72,app1,1.00001,M.Action,305.0000499999999,10,26
94,LINK,96,336,app1,1.00001,M.Action,306.00005999999985,10,2
108,LINK,198,72,app1,1.00001,M.Action,306.00005999999985,10,3
81,LINK,0,72,app1,1.00001,M.Action,306.00005999999985,10,4
120,LINK,105,24,app1,1.00001,M.Action,306.00005999999985,10,5
91,LINK,60,218,app1,1.00001,M.Action,306.00005999999985,10,6
90,LINK,336,4,app1,1.00001,M.Action,306.00005999999985,10,7
103,LINK,103,198,app1,1.00001,M.Action,306.00005999999985,10,8
119,LINK,218,0,app1,1.00001,M.Action,306.00005999999985,10,9
107,LINK,257,44,app1,1.00001,M.Action,306.00005999999985,10,10
110,LINK,4,85,app1,1.00001,M.Action,306.00005999999985,10,11
114,LINK,308,317,app1,1.00001,M.Action,306.00005999999985,10,12
82,LINK,317,72,app1,1.00001,M.Action,306.00005999999985,10,13
97,LINK,128,72,app1,1.00001,M.Action,306.00005999999985,10,14
98,LINK,317,72,app1,1.00001,M.Action,306.00005999999985,10,15
101,LINK,44,168,app1,1.00001,M.Action,306.00005999999985,10,16
105,LINK,85,89,app1,1.00001,M.Action,306.00005999999985,10,17
106,LINK,61,65,app1,1.00001,M.Action,306.00005999999985,10,18
112,LINK,51,72,app1,1.00001,M.Action,306.00005999999985,10,19
113,LINK,24,168,app1,1.00001,M.Action,306.00005999999985,10,20
115,LINK,168,72,app1,1.00001,M.Action,306.00005999999985,10,21
109,LINK,198,72,app1,1.00001,M.Action,307.0000699999998,10,3
92,LINK,0,72,app1,1.00001,M.Action,307.0000699999998,10,4
94,LINK,336,4,app1,1.00001,M.Action,307.0000699999998,10,5
120,LINK,24,168,app1,1.00001,M.Action,307.0000699999998,10,6
91,LINK,218,0,app1,1.00001,M.Action,307.0000699999998,10,7
90,LINK,4,85,app1,1.00001,M.Action,307.0000699999998,10,8
107,LINK,44,168,app1,1.00001,M.Action,307.0000699999998,10,9
110,LINK,85,89,app1,1.00001,M.Action,307.0000699999998,10,10
114,LINK,317,72,app1,1.00001,M.Action,307.0000699999998,10,11
101,LINK,168,72,app1,1.00001,M.Action,307.0000699999998,10,12
105,LINK,89,72,app1,1.00001,M.Action,307.0000699999998,10,13
106,LINK,65,93,app1,1.00001,M.Action,307.0000699999998,10,14
113,LINK,168,72,app1,1.00001,M.Action,307.0000699999998,10,15
103,LINK,198,72,app1,1.00001,M.Action,308.0000799999998,10,3
119,LINK,0,72,app1,1.00001,M.Action,308.0000799999998,10,4
94,LINK,4,24,app1,1.00001,M.Action,308.0000799999998,10,5
120,LINK,168,72,app1,1.00001,M.Action,308.0000799999998,10,6
90,LINK,85,89,app1,1.00001,M.Action,308.0000799999998,10,7
107,LINK,168,72,app1,1.00001,M.Action,308.0000799999998,10,8
110,LINK,89,72,app1,1.00001,M.Action,308.0000799999998,10,9
106,LINK,93,317,app1,1.00001,M.Action,308.0000799999998,10,10
91,LINK,0,72,app1,1.00001,M.Action,309.0000899999998,10,2
94,LINK,24,168,app1,1.00001,M.Action,309.0000899999998,10,3
90,LINK,89,72,app1,1.00001,M.Action,309.0000899999998,10,4
106,LINK,317,72,app1,1.00001,M.Action,309.0000899999998,10,5
94,LINK,168,72,app1,1.00001,M.Action,310.00009999999975,10,1
121,LINK,68,2,app1,1.00001,M.Action,400,10,0
122,LINK,291,73,app1,1.00001,M.Action,400,10,1
123,LINK,391,317,app1,1.00001,M.Action,400,10,2
124,LINK,32,42,app1,1.00001,M.Action,400,10,3
125,LINK,130,114,app1,1.00001,M.Action,400,10,4
126,LINK,60,218,app1,1.00001,M.Action,400,10,5
127,LINK,253,78,app1,1.00001,M.Action,400,10,6
128,LINK,389,56,app1,1.00001,M.Action,400,10,7
129,LINK,230,176,app1,1.00001,M.Action,400,10,8
130,LINK,241,91,app1,1.00001,M.Action,400,10,9
131,LINK,333,68,app1,1.00001,M.Action,400,10,10
132,LINK,194,2,app1,1.00001,M.Action,400,10,11
133,LINK,107,138,app1,1.00001,M.Action,400,10,12
134,LINK,48,143,app1,1.00001,M.Action,400,10,13
135,LINK,249,4,app1,1.00001,M.Action,400,10,14
136,LINK,14,28,app1,1.00001,M.Action,400,10,15
137,LINK,199,301,app1,1.00001,M.Action,400,10,16
138,LINK,221,19,app1,1.00001,M.Action,400,10,17
139,LINK,311,49,app1,1.00001,M.Action,400,10,18
140,LINK,390,157,app1,1.00001,M.Action,400,10,19
141,LINK,392,178,app1,1.00001,M.Action,400,10,20
142,LINK,1,8,app1,1.00001,M.Action,400,10,21
143,LINK,356,23,app1,1.00001,M.Action,400,10,22
144,LINK,228,72,app1,1.00001,M.Action,400,10,23
145,LINK,136,104,app1,1.00001,M.Action,400,10,24
146,LINK,369,41,app1,1.00001,M.Action,400,10,25
147,LINK,117,59,app1,1.00001,M.Action,400,10,26
148,LINK,302,56,app1,1.00001,M.Action,400,10,27
149,LINK,52,57,app1,1.00001,M.Action,400,10,28
150,LINK,162,259,app1,1.00001,M.Action,400,10,29
151,LINK,15,28,app1,1.00001,M.Action,400,10,30
152,LINK,11,3,app1,1.00001,M.Action,400,10,31
153,LINK,13,69,app1,1.00001,M.Action,400,10,32
154,LINK,332,19,app1,1.00001,M.Action,400,10,33
155,LINK,277,206,app1,1.00001,M.Action,400,10,34
156,LINK,4,85,app1,1.00001,M.Action,400,10,35
157,LINK,195,296,app1,1.00001,M.Action,400,10,36
158,LINK,351,105,app1,1.00001,M.Action,400,10,37
159,LINK,110,2,app1,1.00001,M.Action,400,10,38
160,LINK,216,62,app1,1.00001,M.Action,400,10,39
121,LINK,2,83,app1,1.00001,M.Action,401.00001,10,0
122,LINK,73,64,app1,1.00001,M.Action,401.00001,10,1
123,LINK,317,72,app1,1.00001,M.Action,401.00001,10,2
124,LINK,42,51,app1,1.00001,M.Action,401.00001,10,3
125,LINK,114,308,app1,1.00001,M.Action,401.00001,10,4
126,LINK,218,0,app1,1.00001,M.Action,401.00001,10,5
127,LINK,78,42,app1,1.00001,M.Action,401.00001,10,6
128,LINK,56,71,app1,1.00001,M.Action,401.00001,10,7
129,LINK,176,78,app1,1.00001,M.Action,401.00001,10,8
130,LINK,91,104,app1,1.00001,M.Action,401.00001,10,9
131,LINK,68,2,app1,1.00001,M.Action,401.00001,10,10
132,LINK,2,83,app1,1.00001,M.Action,401.00001,10,11
133,LINK,138,18,app1,1.00001,M.Action,401.00001,10,12
134,LINK,143,104,app1,1.00001,M.Action,401.00001,10,13
135,LINK,4,85,app1,1.00001,M.Action,401.00001,10,14
136,LINK,28,287,app1,1.00001,M.Action,401.00001,10,15
137,LINK,301,275,app1,1.00001,M.Action,401.00001,10,16
138,LINK,19,141,app1,1.00001,M.Action,401.00001,10,17
139,LINK,49,190,app1,1.00001,M.Action,401.00001,10,18
140,LINK,157,349,app1,1.00001,M.Action,401.00001,10,19
141,LINK,178,82,app1,1.00001,M.Action,401.00001,10,20
142,LINK,8,6,app1,1.00001,M.Action,401.00001,10,21
143,LINK,23,57,app1,1.00001,M.Action,401.00001,10,22
145,LINK,104,206,app1,1.00001,M.Action,401.00001,10,23
146,LINK,41,29,app1,1.00001,M.Action,401.00001,10,24
147,LINK,59,82,app1,1.00001,M.Action,401.00001,10,25
148,LINK,56,71,app1,1.00001,M.Action,401.00001,10,26
149,LINK,57,56,app1,1.00001,M.Action,401.00001,10,27
150,LINK,259,206,app1,1.00001,M.Action,401.00001,10,28
151,LINK,28,287,app1,1.00001,M.Action,401.00001,10,29
152,LINK,3,248,app1,1.00001,M.Action,401.00001,10,30
153,LINK,69,197,app1,1.00001,M.Action,401.00001,10,31
154,LINK,19,141,app1,1.00001,M.Action,401.00001,10,32
155,LINK,206,96,app1,1.00001,M.Action,401.00001,10,33
156,LINK,85,89,app1,1.00001,M.Action,401.00001,10,34
157,LINK,296,9,app1,1.00001,M.Action,401.00001,10,35
158,LINK,105,24,app1,1.00001,M.Action,401.00001,10,36
159,LINK,2,83,app1,1.00001,M.Action,401.00001,10,37
160,LINK,62,81,app1,1.00001,M.Action,401.00001,10,38
121,LINK,83,60,app1,1.00001,M.Action,402.00001999999995,10,5
122,LINK,64,61,app1,1.00001,M.Action,402.00001999999995,10,6
124,LINK,51,72,app1,1.00001,M.Action,402.00001999999995,10,7
125,LINK,308,317,app1,1.00001,M.Action,402.00001999999995,10,8
126,LINK,0,72,app1,1.00001,M.Action,402.00001999999995,10,9
127,LINK,42,51,app1,1.00001,M.Action,402.00001999999995,10,10
128,LINK,71,103,app1,1.00001,M.Action,402.00001999999995,10,11
129,LINK,78,42,app1,1.00001,M.Action,402.00001999999995,10,12
130,LINK,104,206,app1,1.00001,M.Action,402.00001999999995,10,13
131,LINK,2,83,app1,1.00001,M.Action,402.00001999999995,10,14
133,LINK,18,103,app1,1.00001,M.Action,402.00001999999995,10,15
134,LINK,104,206,app1,1.00001,M.Action,402.00001999999995,10,16
135,LINK,85,89,app1,1.00001,M.Action,402.00001999999995,10,17
136,LINK,287,218,app1,1.00001,M.Action,402.00001999999995,10,18
137,LINK,275,270,app1,1.00001,M.Action,402.00001999999995,10,19
138,LINK,141,6,app1,1.00001,M.Action,402.00001999999995,10,20
139,LINK,190,85,app1,1.00001,M.Action,402.00001999999995,10,21
140,LINK,349,170,app1,1.00001,M.Action,402.00001999999995,10,22
141,LINK,82,347,app1,1.00001,M.Action,402.00001999999995,10,23
142,LINK,6,114,app1,1.00001,M.Action,402.00001999999995,10,24
143,LINK,57,56,app1,1.00001,M.Action,402.00001999999995,10,25
145,LINK,206,96,app1,1.00001,M.Action,402.00001999999995,10,26
146,LINK,29,140,app1,1.00001,M.Action,402.00001999999995,10,27
147,LINK,82,347,app1,1.00001,M.Action,402.00001999999995,10,28
149,LINK,56,71,app1,1.00001,M.Action,402.00001999999995,10,29
150,LINK,206,96,app1,1.00001,M.Action,402.00001999999995,10,30
152,LINK,248,176,app1,1.00001,M.Action,402.00001999999995,10,31
153,LINK,197,132,app1,1.00001,M.Action,402.00001999999995,10,32
155,LINK,96,336,app1,1.00001,M.Action,402.00001999999995,10,33
156,LINK,89,72,app1,1.00001,M.Action,402.00001999999995,10,34
157,LINK,9,105,app1,1.00001,M.Action,402.00001999999995,10,35
158,LINK,24,168,app1,1.00001,M.Action,402.00001999999995,10,36
160,LINK,81,338,app1,1.00001,M.Action,402.00001999999995,10,37
132,LINK,83,60,app1,1.00001,M.Action,403.0000299999999,10,6
148,LINK,71,103,app1,1.00001,M.Action,403.0000299999999,10,7
151,LINK,287,218,app1,1.00001,M.Action,403.0000299999999,10,8
154,LINK,141,6,app1,1.00001,M.Action,403.0000299999999,10,9
121,LINK,60,218,app1,1.00001,M.Action,403.0000299999999,10,10
122,LINK,61,65,app1,1.00001,M.Action,403.0000299999999,10,11
125,LINK,317,72,app1,1.00001,M.Action,403.0000299999999,10,12
127,LINK,51,72,app1,1.00001,M.Action,403.0000299999999,10,13
128,LINK,103,198,app1,1.00001,M.Action,403.0000299999999,10,14
129,LINK,42,51,app1,1.00001,M.Action,403.0000299999999,10,15
130,LINK,206,96,app1,1.00001,M.Action,403.0000299999999,10,16
133,LINK,103,198,app1,1.00001,M.Action,403.0000299999999,10,17
135,LINK,89,72,app1,1.00001,M.Action,403.0000299999999,10,18
136,LINK,218,0,app1,1.00001,M.Action,403.0000299999999,10,19
137,LINK,270,240,app1,1.00001,M.Action,403.0000299999999,10,20
138,LINK,6,114,app1,1.00001,M.Action,403.0000299999999,10,21
139,LINK,85,89,app1,1.00001,M.Action,403.0000299999999,10,22
140,LINK,170,51,app1,1.00001,M.Action,403.0000299999999,10,23
141,LINK,347,30,app1,1.00001,M.Action,403.0000299999999,10,24
142,LINK,114,308,app1,1.00001,M.Action,403.0000299999999,10,25
143,LINK,56,71,app1,1.00001,M.Action,403.0000299999999,10,26
145,LINK,96,336,app1,1.00001,M.Action,403.0000299999999,10,27
146,LINK,140,172,app1,1.00001,M.Action,403.0000299999999,10,28
152,LINK,176,78,app1,1.00001,M.Action,403.0000299999999,10,29
153,LINK,132,9,app1,1.00001,M.Action,403.0000299999999,10,30
155,LINK,336,4,app1,1.00001,M.Action,403.0000299999999,10,31
157,LINK,105,24,app1,1.00001,M.Action,403.0000299999999,10,32
158,LINK,168,72,app1,1.00001,M.Action,403.0000299999999,10,33
160,LINK,338,9,app1,1.00001,M.Action,403.0000299999999,10,34
159,LINK,83,60,app1,1.00001,M.Action,404.0000399999999,10,4
134,LINK,206,96,app1,1.00001,M.Action,404.0000399999999,10,5
147,LINK,347,30,app1,1.00001,M.Action,404.0000399999999,10,6
149,LINK,71,103,app1,1.00001,M.Action,404.0000399999999,10,7
150,LINK,96,336,app1,1.00001,M.Action,404.0000399999999,10,8
132,LINK,60,218,app1,1.00001,M.Action,404.0000399999999,10,9
148,LINK,103,198,app1,1.00001,M.Action,404.0000399999999,10,10
151,LINK,218,0,app1,1.00001,M.Action,404.0000399999999,10,11
154,LINK,6,114,app1,1.00001,M.Action,404.0000399999999,10,12
121,LINK,218,0,app1,1.00001,M.Action,404.0000399999999,10,13
122,LINK,65,93,app1,1.00001,M.Action,404.0000399999999,10,14
128,LINK,198,72,app1,1.00001,M.Action,404.0000399999999,10,15
